[{"@type":"mappingTemplate","id":"@1","name":"M_FF_CustomerDetails-Advanced","description":"tag2-JUNE24--Main Mapping","bundleVersion":"0","templateId":"@3","deployTime":1699364162000,"hasParameters":false,"valid":true,"fixedConnection":true,"hasParametersDeployed":false,"fixedConnectionDeployed":true,"isSchemaValidationEnabled":false,"tasks":0,"mappingPreviewFileRecordId":"@2","documentType":"AT_SCALE_MAPPING","references":[{"@type":"reference","refObjectId":"@49rE5YXrfwdd9X2DD4xqqe","refType":"connection"}]}]