[{"@type":"mappingTemplate","id":"@1","name":"m_cust_info","description":"1:27PM July 21-- Checkin\n\nMy name is leela","bundleVersion":"0","templateId":"@3","deployTime":1701862469000,"hasParameters":false,"valid":true,"fixedConnection":true,"hasParametersDeployed":false,"fixedConnectionDeployed":true,"isSchemaValidationEnabled":false,"tasks":0,"mappingPreviewFileRecordId":"@2","documentType":"MAPPING","references":[{"@type":"reference","refObjectId":"@1LmTPyFSiCVjPvm4PwUikx","refType":"connection"}]}]